{
    "best_model": "XGBoost",
    "rmse": 3026.2127940456994,
    "training_mean": 27933.959185207437,
    "feature_ranges": {
        "Store": {
            "min": 1.0,
            "max": 5.0,
            "mean": 3.0023310023310024
        },
        "Dept": {
            "min": 1.0,
            "max": 3.0,
            "mean": 2.0
        },
        "Size": {
            "min": 84886.0,
            "max": 198266.0,
            "mean": 148753.4219114219
        },
        "Temperature": {
            "min": 20.17425545989477,
            "max": 94.5936491776445,
            "mean": 57.183011211823306
        },
        "Fuel_Price": {
            "min": 2.5066927240859584,
            "max": 4.4680630285582605,
            "mean": 3.445233523818549
        },
        "MarkDown1": {
            "min": 0.0,
            "max": 9880.65566652774,
            "mean": 2437.990831156678
        },
        "MarkDown2": {
            "min": 0.0,
            "max": 4898.912289272609,
            "mean": 1385.4566926979533
        },
        "CPI": {
            "min": 121.46282588776756,
            "max": 218.90283583501736,
            "mean": 170.43940023871113
        },
        "Unemployment": {
            "min": 4.005576501219767,
            "max": 9.996120997395009,
            "mean": 7.071572321603237
        },
        "Year": {
            "min": 2012.0,
            "max": 2012.0,
            "mean": 2012.0
        },
        "Month": {
            "min": 4.0,
            "max": 10.0,
            "mean": 7.146853146853147
        },
        "Day": {
            "min": 1.0,
            "max": 31.0,
            "mean": 16.46153846153846
        },
        "DayOfWeek": {
            "min": 4.0,
            "max": 4.0,
            "mean": 4.0
        },
        "Is_Weekend": {
            "min": 0.0,
            "max": 0.0,
            "mean": 0.0
        },
        "Quarter": {
            "min": 2.0,
            "max": 4.0,
            "mean": 2.734265734265734
        },
        "WeekOfYear": {
            "min": 15.0,
            "max": 43.0,
            "mean": 29.195804195804197
        }
    },
    "timestamp": "2026-04-08T03:43:52.011581",
    "metrics": [
        {
            "Model": "XGBoost",
            "MAE": 2115.6351553663876,
            "RMSE": 3026.2127940456994,
            "R2": 0.9673182441733997
        },
        {
            "Model": "RandomForest",
            "MAE": 2257.866415249166,
            "RMSE": 3347.5560129619266,
            "R2": 0.9600090095787126
        },
        {
            "Model": "DecisionTree",
            "MAE": 2951.916797197789,
            "RMSE": 4136.536058648294,
            "R2": 0.9389367262944973
        },
        {
            "Model": "PolynomialRegression",
            "MAE": 8126.340126021973,
            "RMSE": 10712.824531895356,
            "R2": 0.5904429199682022
        },
        {
            "Model": "LinearRegression",
            "MAE": 9061.589476628087,
            "RMSE": 12090.833841096137,
            "R2": 0.478302253591422
        }
    ],
    "features_used": [
        "Store",
        "Dept",
        "IsHoliday",
        "Type",
        "Size",
        "Temperature",
        "Fuel_Price",
        "MarkDown1",
        "MarkDown2",
        "CPI",
        "Unemployment",
        "Year",
        "Month",
        "Day",
        "DayOfWeek",
        "Is_Weekend",
        "Quarter",
        "WeekOfYear"
    ]
}