Model,MAE,RMSE,R2
XGBoost,2115.6351553663876,3026.2127940456994,0.9673182441733997
RandomForest,2257.866415249166,3347.5560129619266,0.9600090095787126
DecisionTree,2951.916797197789,4136.536058648294,0.9389367262944973
PolynomialRegression,8126.340126021973,10712.824531895356,0.5904429199682022
LinearRegression,9061.589476628087,12090.833841096137,0.478302253591422
