Type,Weekly_Sales
A,24716231.798392437
B,14517979.149183694
C,28019052.390367236
